# Daily height (in m) of Chitterne Brook at Codford, England, measured by the
# UK Environment agency.
date,min_level,avg_level,max_level
2014-01-01,0.240,0.320,0.420
2014-01-02,0.420,0.460,0.490
2014-01-03,0.500,0.520,0.580
2014-01-04,0.600,0.690,0.720
2014-01-05,0.730,0.880,0.990
2014-01-06,1.000,1.060,1.120
2014-01-07,1.140,1.190,1.220
2014-01-08,1.230,1.270,1.290
2014-01-09,1.350,1.350,1.350
2014-01-10,1.300,1.300,1.300
2014-01-11,1.220,1.240,1.250
2014-01-12,1.120,1.130,1.150
2014-01-13,1.060,1.070,1.100
2014-01-14,0.970,0.980,1.030
2014-01-15,0.930,0.950,0.970
2014-01-16,0.880,0.910,0.930
2014-01-17,0.800,0.830,0.870
2014-01-18,0.780,0.790,0.800
2014-01-19,0.770,0.790,0.800
2014-01-20,0.760,0.760,0.760
2014-01-21,0.860,0.860,0.870
2014-01-22,0.840,0.850,0.860
2014-01-23,0.860,0.870,0.870
2014-01-24,0.860,0.860,0.860
2014-01-25,0.860,0.860,0.860
2014-01-26,0.860,0.860,0.860
2014-01-27,0.860,0.860,0.860
2014-01-28,0.860,0.860,0.860
2014-01-29,0.850,0.850,0.850
2014-01-30,0.850,0.850,0.850
2014-01-31,0.840,0.850,0.850
2014-02-01,0.840,0.840,0.840
2014-02-02,0.840,0.840,0.840
2014-02-03,0.830,0.830,0.830
2014-02-04,0.830,0.830,0.830
2014-02-05,0.820,0.830,0.830
2014-02-06,0.820,0.820,0.830
2014-02-07,0.800,0.810,0.820
2014-02-08,0.800,0.800,0.800
2014-02-09,0.800,0.800,0.800
2014-02-10,0.790,0.790,0.800
2014-02-11,0.790,0.790,0.790
2014-02-12,0.780,0.780,0.790
2014-02-13,0.780,0.780,0.780
2014-02-14,0.780,0.960,1.020
2014-02-15,0.900,0.940,1.000
2014-02-16,0.880,0.880,0.880
2014-02-17,0.910,0.920,0.940
2014-02-18,0.950,0.960,0.960
2014-02-19,0.930,0.930,0.930
2014-02-20,0.910,0.910,0.910
2014-02-21,0.870,0.870,0.870
2014-02-22,0.810,0.810,0.810
2014-02-23,0.790,0.790,0.790
2014-02-24,0.750,0.750,0.750
2014-02-25,0.760,0.760,0.760
2014-02-26,0.710,0.710,0.710
2014-02-27,0.680,0.700,0.710
2014-02-28,0.670,0.680,0.690
2014-03-01,0.610,0.620,0.630
2014-03-02,0.590,0.640,0.660
2014-03-03,0.560,0.590,0.640
2014-03-04,0.530,0.540,0.550
2014-03-05,0.520,0.530,0.530
2014-03-06,0.540,0.540,0.540
2014-03-07,0.560,0.560,0.560
2014-03-08,0.570,0.570,0.570
2014-03-09,0.580,0.580,0.580
2014-03-10,0.560,0.560,0.560
2014-03-11,1.180,1.180,1.180
2014-03-12,0.520,0.520,0.520
2014-03-13,0.490,0.490,0.490
2014-03-14,0.460,0.460,0.460
2014-03-15,0.430,0.430,0.430
2014-03-16,0.410,0.410,0.410
2014-03-17,0.390,0.660,0.980
2014-03-18,0.370,0.370,0.370
2014-03-19,0.350,0.350,0.350
2014-03-20,0.330,0.330,0.330
2014-03-21,0.320,0.320,0.330
2014-03-22,0.310,0.320,0.320
2014-03-23,0.290,0.300,0.300
2014-03-24,0.280,0.280,0.290
2014-03-25,0.280,0.280,0.280
2014-03-26,0.240,0.250,0.260
2014-03-27,0.240,0.240,0.240
2014-03-28,0.230,0.230,0.230
2014-03-29,0.230,0.230,0.230
2014-03-30,0.220,0.220,0.220
2014-03-31,0.210,0.210,0.210
2014-04-01,0.200,0.200,0.200
2014-04-02,0.200,0.200,0.200
2014-04-03,0.200,0.200,0.200
2014-04-04,0.210,0.210,0.210
2014-04-05,0.190,0.190,0.190
2014-04-06,0.190,0.190,0.190
2014-04-07,0.190,0.190,0.190
2014-04-08,0.180,0.180,0.180
2014-04-09,0.180,0.180,0.180
2014-04-10,0.180,0.180,0.180
2014-04-11,0.170,0.170,0.170
2014-04-12,0.170,0.170,0.170
2014-04-13,0.170,0.170,0.170
2014-04-14,0.160,0.160,0.160
2014-04-15,0.160,0.160,0.160
2014-04-16,0.160,0.160,0.160
2014-04-17,0.160,0.160,0.160
2014-04-18,0.150,0.150,0.150
2014-04-19,0.150,0.150,0.150
2014-04-20,0.150,0.150,0.150
2014-04-21,0.160,0.160,0.160
2014-04-22,0.160,0.170,0.180
2014-04-23,0.160,0.160,0.160
2014-04-24,0.150,0.150,0.150
2014-04-25,0.140,0.140,0.140
2014-04-26,0.150,0.150,0.150
2014-04-27,0.150,0.150,0.150
2014-04-28,0.150,0.160,0.160
2014-04-29,0.150,0.150,0.150
2014-04-30,0.150,0.150,0.150
2014-05-01,0.150,0.150,0.150
2014-05-02,0.150,0.150,0.150
2014-05-03,0.150,0.150,0.150
2014-05-04,0.150,0.150,0.150
2014-05-05,0.160,0.160,0.160
2014-05-06,0.160,0.160,0.160
2014-05-07,0.160,0.160,0.160
2014-05-08,0.160,0.160,0.160
2014-05-09,0.170,0.170,0.170
2014-05-10,0.170,0.170,0.170
2014-05-11,0.170,0.170,0.170
2014-05-12,0.170,0.170,0.170
2014-05-13,0.170,0.170,0.170
2014-05-14,0.170,0.170,0.170
2014-05-15,0.170,0.170,0.170
2014-05-16,0.160,0.160,0.160
2014-05-17,0.160,0.160,0.160
2014-05-18,0.160,0.160,0.160
2014-05-19,0.160,0.160,0.160
2014-05-20,0.160,0.160,0.160
2014-05-21,0.160,0.160,0.160
2014-05-22,0.160,0.160,0.160
2014-05-23,0.160,0.160,0.170
2014-05-24,0.160,0.170,0.170
2014-05-25,0.160,0.160,0.160
2014-05-26,0.160,0.160,0.160
2014-05-27,0.160,0.160,0.160
2014-05-28,0.150,0.150,0.150
2014-05-29,0.140,0.140,0.140
2014-05-30,0.140,0.140,0.140
2014-05-31,0.140,0.140,0.140
2014-06-01,0.130,0.130,0.130
2014-06-02,0.130,0.130,0.130
2014-06-03,0.130,0.130,0.130
2014-06-04,0.130,0.130,0.130
2014-06-05,0.130,0.130,0.130
2014-06-06,0.120,0.120,0.120
2014-06-07,0.120,0.120,0.120
2014-06-08,0.110,0.110,0.120
2014-06-09,0.110,0.110,0.110
2014-06-10,0.110,0.110,0.110
2014-06-11,0.110,0.110,0.110
2014-06-12,0.100,0.100,0.100
2014-06-13,0.100,0.100,0.100
2014-06-14,0.100,0.100,0.100
2014-06-15,0.100,0.100,0.100
2014-06-16,0.100,0.100,0.100
2014-06-17,0.090,0.090,0.090
2014-06-18,0.090,0.090,0.090
2014-06-19,0.090,0.090,0.090
2014-06-20,0.080,0.080,0.080
2014-06-21,0.080,0.080,0.080
2014-06-22,0.080,0.080,0.080
2014-06-23,0.080,0.080,0.080
2014-06-24,0.080,0.080,0.080
2014-06-25,0.080,0.080,0.080
2014-06-26,0.080,0.080,0.080
2014-06-27,0.070,0.070,0.070
2014-06-28,0.070,0.070,0.070
2014-06-29,0.070,0.070,0.070
2014-06-30,0.070,0.070,0.070
2014-07-01,0.070,0.070,0.070
2014-07-02,0.070,0.070,0.070
2014-07-03,0.060,0.220,0.370
2014-07-04,0.060,0.060,0.060
2014-07-05,0.060,0.060,0.060
2014-07-06,0.060,0.060,0.060
2014-07-07,0.060,0.060,0.060
2014-07-08,0.060,0.060,0.060
2014-07-09,0.060,0.060,0.060
2014-07-10,0.060,0.220,0.370
2014-07-11,0.050,0.220,0.380
2014-07-12,0.050,0.050,0.050
2014-07-13,0.050,0.050,0.050
2014-07-14,0.050,0.050,0.050
2014-07-15,0.050,0.050,0.050
2014-07-16,0.050,0.050,0.050
2014-07-17,0.050,0.050,0.050
2014-07-18,0.050,0.050,0.050
2014-07-19,0.050,0.050,0.050
2014-07-20,0.050,0.050,0.050
2014-07-21,0.050,0.050,0.050
2014-07-22,0.050,0.050,0.050
2014-07-23,0.050,0.050,0.050
2014-07-24,0.050,0.050,0.050
2014-07-25,0.050,0.050,0.050
2014-07-26,0.050,0.050,0.050
2014-07-27,0.050,0.050,0.050
2014-07-28,0.050,0.050,0.050
2014-07-29,0.050,0.210,0.370
2014-07-30,0.050,0.050,0.050
2014-07-31,0.050,0.050,0.050
2014-08-01,0.050,0.050,0.050
2014-08-02,0.040,0.040,0.040
2014-08-03,0.040,0.040,0.040
2014-08-04,0.040,0.040,0.040
2014-08-05,0.040,0.040,0.040
2014-08-06,0.040,0.040,0.040
2014-08-07,0.040,0.040,0.040
2014-08-08,0.040,0.040,0.040
2014-08-09,0.040,0.040,0.040
2014-08-10,0.040,0.040,0.040
2014-08-11,0.040,0.040,0.040
2014-08-12,0.040,0.040,0.040
2014-08-13,0.040,0.040,0.040
2014-08-14,0.040,0.040,0.040
2014-08-15,0.040,0.040,0.040
2014-08-16,0.040,0.040,0.040
2014-08-17,0.040,0.040,0.040
2014-08-18,0.040,0.040,0.040
2014-08-19,0.040,0.040,0.040
2014-08-20,0.040,0.040,0.040
2014-08-21,0.040,0.040,0.040
2014-08-22,0.040,0.040,0.040
2014-08-23,0.040,0.040,0.040
2014-08-24,0.040,0.040,0.040
2014-08-25,0.040,0.040,0.040
2014-08-26,0.040,0.040,0.040
2014-08-27,0.040,0.040,0.040
2014-08-28,0.030,0.030,0.030
2014-08-29,0.030,0.030,0.030
2014-08-30,0.030,0.030,0.030
2014-08-31,0.030,0.030,0.030
2014-09-01,0.040,0.040,0.040
2014-09-02,0.040,0.040,0.040
2014-09-03,0.040,0.040,0.040
2014-09-04,0.040,0.040,0.040
2014-09-05,0.040,0.040,0.040
2014-09-06,0.040,0.040,0.040
2014-09-07,0.040,0.040,0.040
2014-09-08,0.040,0.040,0.040
2014-09-09,0.040,0.040,0.040
2014-09-10,0.040,0.040,0.040
2014-09-11,0.040,0.040,0.040
2014-09-12,0.040,0.040,0.040
2014-09-13,0.040,0.040,0.040
2014-09-14,0.040,0.040,0.040
2014-09-15,0.040,0.040,0.040
2014-09-16,0.040,0.040,0.040
2014-09-17,0.040,0.040,0.040
2014-09-18,0.040,0.040,0.040
2014-09-19,0.040,0.040,0.040
2014-09-20,0.040,0.040,0.040
2014-09-21,0.040,0.040,0.040
2014-09-22,0.030,0.030,0.030
2014-09-23,0.040,0.040,0.040
2014-09-24,0.040,0.040,0.040
2014-09-25,0.040,0.040,0.040
2014-09-26,0.040,0.040,0.040
2014-09-27,0.040,0.040,0.040
2014-09-28,0.040,0.040,0.040
2014-09-29,0.040,0.040,0.040
2014-09-30,0.040,0.040,0.040
2014-10-01,0.030,0.030,0.030
2014-10-02,0.030,0.030,0.030
2014-10-03,0.030,0.030,0.030
2014-10-04,0.030,0.030,0.030
2014-10-05,0.030,0.030,0.030
2014-10-06,0.030,0.030,0.030
2014-10-07,0.030,0.030,0.030
2014-10-08,0.030,0.030,0.030
2014-10-09,0.030,0.030,0.030
2014-10-10,0.030,0.030,0.030
2014-10-11,0.030,0.030,0.030
2014-10-12,0.030,0.030,0.030
2014-10-13,0.030,0.030,0.030
2014-10-15,0.030,0.030,0.030
2014-10-16,0.030,0.032,0.040
2014-10-17,0.030,0.030,0.030
2014-10-18,0.030,0.033,0.040
2014-10-19,0.030,0.033,0.040
2014-10-20,0.030,0.030,0.030
2014-10-21,0.030,0.030,0.030
2014-10-22,0.040,0.040,0.040
2014-10-23,0.030,0.030,0.030
2014-10-24,0.030,0.030,0.030
2014-10-25,0.030,0.030,0.030
2014-10-26,0.030,0.030,0.030
2014-10-27,0.030,0.030,0.030
2014-10-28,0.030,0.030,0.030
2014-10-29,0.030,0.030,0.030
2014-11-03,0.030,0.030,0.030
2014-11-04,0.030,0.030,0.030
2014-11-05,0.030,0.030,0.030
2014-11-06,0.030,0.030,0.030
2014-11-07,0.030,0.030,0.030
2014-11-08,0.030,0.030,0.030
2014-11-09,0.030,0.030,0.030
2014-11-10,0.030,0.030,0.030
2014-11-11,0.030,0.030,0.030
2014-11-12,0.030,0.030,0.030
2014-11-13,0.030,0.030,0.030
2014-11-14,0.030,0.030,0.030
2014-11-15,0.040,0.040,0.040
2014-11-16,0.040,0.040,0.040
2014-11-17,0.050,0.050,0.050
2014-11-18,0.050,0.050,0.050
2014-11-19,0.050,0.050,0.050
2014-11-20,0.050,0.050,0.050
2014-11-21,0.050,0.050,0.050
2014-11-22,0.050,0.050,0.050
2014-11-23,0.050,0.050,0.050
2014-11-24,0.050,0.050,0.050
2014-11-25,0.050,0.050,0.050
2014-11-26,0.050,0.050,0.050
2014-11-27,0.050,0.050,0.050
2014-11-28,0.050,0.050,0.050
2014-11-29,0.050,0.050,0.050
2014-11-30,0.050,0.050,0.050
2014-12-01,0.050,0.050,0.050
2014-12-02,0.050,0.050,0.050
2014-12-03,0.050,0.050,0.050
2014-12-04,0.050,0.050,0.050
2014-12-05,0.050,0.050,0.050
2014-12-06,0.050,0.050,0.050
2014-12-07,0.050,0.050,0.050
2014-12-08,0.050,0.050,0.050
2014-12-09,0.050,0.050,0.050
2014-12-10,0.050,0.050,0.050
2014-12-11,0.050,0.050,0.050
2014-12-12,0.050,0.050,0.050
2014-12-14,0.050,0.050,0.050
2014-12-15,0.050,0.050,0.050
2014-12-16,0.050,0.050,0.050
2014-12-17,0.050,0.050,0.050
2014-12-18,0.050,0.050,0.050
2014-12-19,0.050,0.050,0.050
2014-12-20,0.050,0.050,0.050
2014-12-21,0.050,0.050,0.050
2014-12-22,0.050,0.050,0.050
2014-12-23,0.050,0.050,0.050
2014-12-24,0.050,0.050,0.050
2014-12-25,0.050,0.050,0.050
2014-12-26,0.050,0.050,0.050
2014-12-27,0.050,0.050,0.050
2014-12-28,0.050,0.050,0.050
2014-12-29,0.050,0.050,0.050
2014-12-30,0.050,0.050,0.050
2014-12-31,0.050,0.050,0.050
2015-01-01,0.050,0.050,0.050
2015-01-02,0.050,0.050,0.050
2015-01-03,0.050,0.058,0.070
2015-01-04,0.070,0.070,0.070
2015-01-05,0.070,0.070,0.070
2015-01-06,0.080,0.080,0.080
2015-01-07,0.090,0.090,0.090
2015-01-08,0.090,0.092,0.100
2015-01-09,0.100,0.102,0.110
2015-01-10,0.110,0.110,0.110
2015-01-11,0.120,0.120,0.120
2015-01-12,0.130,0.142,0.150
2015-01-13,0.160,0.172,0.180
2015-01-14,0.190,0.201,0.210
2015-01-15,0.220,0.233,0.240
2015-01-16,0.240,0.245,0.250
2015-01-17,0.270,0.270,0.270
2015-01-18,0.320,0.320,0.320
2015-01-19,0.350,0.350,0.350
2015-01-20,0.380,0.380,0.380
2015-01-21,0.390,0.392,0.400
2015-01-22,0.380,0.380,0.380
2015-01-23,0.370,0.370,0.370
2015-01-24,0.360,0.360,0.360
2015-01-25,0.330,0.330,0.330
2015-01-26,0.320,0.320,0.320
2015-01-27,0.300,0.300,0.300
2015-01-28,0.290,0.290,0.290
2015-01-29,0.280,0.280,0.280
2015-01-30,0.280,0.280,0.280
2015-01-31,0.260,0.260,0.260
2015-02-01,0.250,0.250,0.250
2015-02-02,0.240,0.240,0.240
2015-02-03,0.230,0.230,0.230
2015-02-04,0.230,0.230,0.230
2015-02-05,0.220,0.220,0.220
2015-02-06,0.210,0.210,0.210
2015-02-07,0.210,0.210,0.210
2015-02-08,0.200,0.200,0.200
2015-02-09,0.200,0.200,0.200
2015-02-10,0.200,0.200,0.200
2015-02-11,0.200,0.200,0.200
2015-02-12,0.200,0.200,0.200
2015-02-13,0.200,0.200,0.200
2015-02-14,0.200,0.200,0.200
2015-02-15,0.190,0.190,0.190
2015-02-16,0.190,0.190,0.190
2015-02-17,0.180,0.180,0.180
2015-02-18,0.180,0.180,0.180
2015-02-19,0.180,0.186,0.190
2015-02-20,0.180,0.183,0.190
2015-02-21,0.180,0.180,0.180
2015-02-22,0.170,0.170,0.170
2015-02-23,0.180,0.180,0.180
2015-02-24,0.160,0.170,0.180
2015-02-25,0.160,0.160,0.160
2015-02-26,0.160,0.160,0.160
2015-02-27,0.160,0.160,0.160
2015-02-28,0.160,0.160,0.160
2015-03-01,0.160,0.160,0.160
2015-03-02,0.160,0.160,0.160
2015-03-03,0.150,0.150,0.150
2015-03-04,0.150,0.150,0.150
2015-03-05,0.150,0.150,0.150
2015-03-06,0.150,0.150,0.150
2015-03-07,0.150,0.150,0.150
2015-03-08,0.150,0.150,0.150
2015-03-09,0.150,0.150,0.150
2015-03-10,0.150,0.150,0.150
2015-03-11,0.150,0.150,0.150
2015-03-12,0.150,0.150,0.150
2015-03-13,0.150,0.150,0.150
2015-03-14,0.150,0.150,0.150
2015-03-15,0.150,0.150,0.150
2015-03-16,0.150,0.150,0.150
2015-03-17,0.150,0.150,0.150
2015-03-18,0.150,0.150,0.150
2015-03-19,0.150,0.150,0.150
2015-03-20,0.150,0.150,0.150
2015-03-21,0.150,0.150,0.150
2015-03-22,0.150,0.150,0.150
2015-03-23,0.150,0.150,0.150
2015-03-24,0.150,0.150,0.150
2015-03-25,0.150,0.150,0.150
2015-03-26,0.150,0.150,0.150
2015-03-27,0.140,0.140,0.140
2015-03-28,0.140,0.140,0.140
2015-03-29,0.140,0.147,0.150
2015-03-30,0.140,0.140,0.140
2015-03-31,0.140,0.140,0.140
2015-04-01,0.120,0.120,0.120
2015-04-02,0.120,0.120,0.120
2015-04-03,0.120,0.120,0.120
2015-04-04,0.120,0.120,0.120
2015-04-05,0.110,0.110,0.110
2015-04-06,0.110,0.110,0.110
2015-04-07,0.110,0.110,0.110
2015-04-08,0.110,0.110,0.110
2015-04-09,0.100,0.100,0.100
2015-04-10,0.100,0.100,0.100
2015-04-11,0.100,0.100,0.100
2015-04-12,0.100,0.100,0.100
2015-04-13,0.090,0.090,0.090
2015-04-14,0.090,0.090,0.090
2015-04-15,0.090,0.090,0.090
2015-04-16,0.090,0.090,0.090
2015-04-18,0.090,0.090,0.090
2015-04-19,0.090,0.090,0.090
2015-04-20,0.090,0.090,0.090
2015-04-21,0.090,0.090,0.090
2015-04-23,0.090,0.090,0.090
2015-04-24,0.090,0.090,0.090
2015-04-25,0.080,0.080,0.080
2015-04-26,0.080,0.080,0.080
2015-04-27,0.080,0.080,0.080
2015-04-28,0.080,0.080,0.080
2015-04-29,0.080,0.080,0.080
2015-04-30,0.070,0.070,0.070
2015-05-01,0.070,0.070,0.070
2015-05-02,0.070,0.070,0.070
2015-05-05,0.070,0.070,0.070
2015-05-06,0.070,0.070,0.070
2015-05-07,0.070,0.070,0.070
2015-05-08,0.060,0.060,0.060
2015-05-10,0.060,0.060,0.060
2015-05-11,0.060,0.060,0.060
2015-05-12,0.060,0.060,0.060
2015-05-13,0.060,0.060,0.060
2015-05-14,0.060,0.060,0.060
2015-05-15,0.060,0.060,0.060
2015-05-16,0.050,0.050,0.050
2015-05-17,0.050,0.050,0.050
2015-05-18,0.050,0.050,0.050
2015-05-19,0.050,0.050,0.050
2015-05-20,0.050,0.050,0.050
2015-05-21,0.050,0.050,0.050
2015-05-22,0.050,0.050,0.050
2015-05-23,0.050,0.050,0.050
2015-05-24,0.050,0.050,0.050
2015-05-25,0.050,0.050,0.050
2015-05-27,0.050,0.050,0.050
2015-05-28,0.050,0.050,0.050
2015-05-29,0.050,0.050,0.050
2015-05-30,0.060,0.060,0.060
2015-05-31,0.060,0.060,0.060
2015-06-01,0.060,0.060,0.060
2015-06-02,0.060,0.060,0.060
2015-06-03,0.050,0.050,0.050
2015-06-04,0.050,0.050,0.050
2015-06-05,0.050,0.050,0.050
2015-06-06,0.050,0.050,0.050
2015-06-07,0.050,0.050,0.050
2015-06-08,0.050,0.050,0.050
2015-06-09,0.050,0.050,0.050
2015-06-10,0.050,0.050,0.050
2015-06-11,0.050,0.050,0.050
2015-06-12,0.050,0.050,0.050
2015-06-13,0.050,0.050,0.050
2015-06-14,0.050,0.050,0.050
2015-06-15,0.050,0.050,0.050
2015-06-16,0.050,0.050,0.050
2015-06-17,0.050,0.050,0.050
2015-06-18,0.050,0.050,0.050
2015-06-19,0.050,0.050,0.050
2015-06-20,0.050,0.050,0.050
2015-06-21,0.050,0.050,0.050
2015-06-22,0.050,0.050,0.050
2015-06-23,0.050,0.050,0.050
2015-06-24,0.050,0.050,0.050
2015-06-25,0.050,0.050,0.050
2015-06-26,0.050,0.050,0.050
2015-06-27,0.050,0.050,0.050
2015-06-28,0.050,0.050,0.050
2015-06-29,0.050,0.050,0.050
2015-06-30,0.050,0.050,0.050
2015-07-01,0.050,0.050,0.050
2015-07-02,0.050,0.050,0.050
2015-07-03,0.050,0.050,0.050
2015-07-04,0.030,0.030,0.030
2015-07-05,0.050,0.050,0.050
2015-07-06,0.050,0.050,0.050
2015-07-07,0.050,0.050,0.050
2015-07-08,0.050,0.050,0.050
2015-07-09,0.050,0.050,0.050
2015-07-10,0.050,0.050,0.050
2015-07-11,0.050,0.050,0.050
2015-07-12,0.050,0.050,0.050
2015-07-13,0.050,0.050,0.050
2015-07-14,0.050,0.050,0.050
2015-07-15,0.050,0.050,0.050
2015-07-16,0.050,0.050,0.050
2015-07-17,0.050,0.050,0.050
2015-07-18,0.050,0.050,0.050
2015-07-19,0.050,0.050,0.050
2015-07-20,0.050,0.050,0.050
2015-07-21,0.050,0.050,0.050
2015-07-22,0.050,0.050,0.050
2015-07-23,0.050,0.050,0.050
2015-07-24,0.050,0.050,0.050
2015-07-25,0.050,0.050,0.050
2015-07-26,0.050,0.050,0.050
2015-07-27,0.050,0.050,0.050
2015-07-28,0.050,0.050,0.050
2015-07-29,0.060,0.060,0.060
2015-07-30,0.050,0.050,0.050
2015-07-31,0.050,0.050,0.050
2015-08-01,0.050,0.050,0.050
2015-08-02,0.050,0.050,0.050
2015-08-03,0.050,0.050,0.050
2015-08-04,0.050,0.050,0.050
2015-08-05,0.050,0.050,0.050
2015-08-06,0.040,0.040,0.040
2015-08-07,0.040,0.040,0.040
2015-08-08,0.040,0.040,0.040
2015-08-09,0.040,0.040,0.040
2015-08-10,0.040,0.040,0.040
2015-08-11,0.040,0.040,0.040
2015-08-12,0.040,0.040,0.040
2015-08-13,0.040,0.040,0.040
2015-08-14,0.040,0.040,0.040
2015-08-15,0.040,0.040,0.040
2015-08-16,0.040,0.040,0.040
2015-08-18,0.040,0.040,0.040
2015-08-19,0.040,0.040,0.040
2015-08-20,0.040,0.040,0.040
2015-08-21,0.040,0.040,0.040
2015-08-22,0.040,0.040,0.040
2015-08-23,0.040,0.040,0.040
2015-08-24,0.040,0.040,0.040
2015-08-25,0.040,0.040,0.040
2015-08-26,0.040,0.040,0.040
2015-08-27,0.040,0.040,0.040
2015-08-28,0.030,0.030,0.030
2015-08-29,0.030,0.030,0.030
2015-08-30,0.030,0.035,0.040
2015-08-31,0.030,0.030,0.030
2015-09-01,0.030,0.030,0.030
2015-09-02,0.040,0.040,0.040
2015-09-03,0.040,0.040,0.040
2015-09-04,0.040,0.040,0.040
2015-09-05,0.040,0.040,0.040
2015-09-06,0.040,0.040,0.040
2015-09-07,0.040,0.040,0.040
2015-09-08,0.040,0.040,0.040
2015-09-09,0.040,0.040,0.040
2015-09-10,0.040,0.040,0.040
2015-09-11,0.040,0.040,0.040
2015-09-12,0.040,0.040,0.040
2015-09-13,0.040,0.040,0.040
2015-09-14,0.040,0.040,0.040
2015-09-15,0.040,0.040,0.040
2015-09-16,0.040,0.040,0.040
2015-09-17,0.040,0.040,0.040
2015-09-18,0.040,0.040,0.040
2015-09-19,0.040,0.040,0.040
2015-09-20,0.040,0.040,0.040
2015-09-21,0.040,0.040,0.040
2015-09-22,0.040,0.040,0.040
2015-09-23,0.040,0.040,0.040
2015-09-24,0.040,0.040,0.040
2015-09-25,0.040,0.040,0.040
2015-09-26,0.040,0.040,0.040
2015-09-27,0.040,0.040,0.040
2015-09-28,0.040,0.040,0.040
2015-09-29,0.040,0.040,0.040
2015-09-30,0.040,0.040,0.040
2015-10-01,0.040,0.040,0.040
2015-10-02,0.040,0.040,0.040
2015-10-03,0.040,0.040,0.040
2015-10-04,0.040,0.040,0.040
2015-10-05,0.040,0.040,0.040
2015-10-06,0.040,0.040,0.040
2015-10-07,0.040,0.040,0.040
2015-10-08,0.040,0.040,0.040
2015-10-10,0.040,0.040,0.040
2015-10-11,0.040,0.040,0.040
2015-10-12,0.040,0.040,0.040
2015-10-13,0.040,0.040,0.040
2015-10-14,0.040,0.040,0.040
2015-10-15,0.040,0.040,0.040
2015-10-16,0.040,0.040,0.040
2015-10-17,0.040,0.040,0.040
2015-10-18,0.040,0.040,0.040
2015-10-19,0.040,0.040,0.040
2015-10-20,0.040,0.040,0.040
2015-10-21,0.040,0.040,0.040
2015-10-22,0.040,0.040,0.040
2015-10-23,0.040,0.040,0.040
2015-10-24,0.040,0.040,0.040
2015-10-25,0.040,0.040,0.040
2015-10-26,0.040,0.040,0.040
2015-10-27,0.040,0.040,0.040
2015-10-28,0.040,0.040,0.040
2015-10-29,0.040,0.040,0.040
2015-10-30,0.030,0.037,0.040
2015-10-31,0.030,0.030,0.030
2015-11-01,0.030,0.030,0.030
2015-11-02,0.030,0.030,0.030
2015-11-03,0.030,0.030,0.030
2015-11-04,0.030,0.030,0.030
2015-11-05,0.030,0.030,0.030
2015-11-06,0.030,0.030,0.030
2015-11-07,0.030,0.033,0.040
2015-11-08,0.030,0.030,0.030
2015-11-09,0.030,0.030,0.030
2015-11-10,0.030,0.030,0.030
2015-11-11,0.030,0.030,0.030
2015-11-12,0.030,0.030,0.030
2015-11-13,0.030,0.033,0.040
2015-11-14,0.030,0.033,0.040
2015-11-15,0.030,0.030,0.030
2015-11-16,0.040,0.040,0.040
2015-11-17,0.050,0.050,0.050
2015-11-18,0.050,0.050,0.050
2015-11-19,0.050,0.050,0.050
2015-11-20,0.050,0.050,0.050
2015-11-21,0.050,0.050,0.050
2015-11-22,0.050,0.050,0.050
2015-11-23,0.050,0.050,0.050
2015-11-24,0.050,0.050,0.050
2015-11-25,0.050,0.050,0.050
2015-11-26,0.050,0.050,0.050
2015-11-27,0.050,0.050,0.050
2015-11-28,0.050,0.050,0.050
2015-11-29,0.050,0.050,0.050
2015-11-30,0.050,0.050,0.050
2015-12-01,0.050,0.050,0.050
2015-12-02,0.050,0.050,0.050
2015-12-03,0.050,0.050,0.050
2015-12-04,0.050,0.050,0.050
2015-12-05,0.050,0.050,0.050
2015-12-06,0.050,0.050,0.050
2015-12-07,0.050,0.050,0.050
2015-12-08,0.050,0.050,0.050
2015-12-09,0.050,0.050,0.050
2015-12-10,0.050,0.050,0.050
2015-12-11,0.050,0.050,0.050
2015-12-12,0.050,0.050,0.050
2015-12-13,0.050,0.050,0.050
2015-12-14,0.050,0.050,0.050
2015-12-15,0.050,0.050,0.050
2015-12-16,0.050,0.050,0.050
2015-12-17,0.050,0.050,0.050
2015-12-18,0.050,0.050,0.050
2015-12-19,0.050,0.050,0.050
2015-12-20,0.050,0.050,0.050
2015-12-21,0.050,0.050,0.050
2015-12-22,0.050,0.050,0.050
2015-12-23,0.050,0.050,0.050
2015-12-24,0.050,0.050,0.050
2015-12-25,0.050,0.050,0.050
2015-12-26,0.050,0.050,0.050
2015-12-27,0.050,0.050,0.050
2015-12-28,0.050,0.050,0.050
2015-12-29,0.050,0.050,0.050
2015-12-30,0.050,0.050,0.050
2015-12-31,0.050,0.050,0.050
2016-01-01,0.050,0.050,0.050
2016-01-02,0.050,0.050,0.050
2016-01-03,0.050,0.050,0.050
2016-01-04,0.050,0.050,0.050
2016-01-05,0.050,0.050,0.050
2016-01-06,0.050,0.050,0.050
2016-01-07,0.050,0.050,0.050
2016-01-08,0.050,0.050,0.050
2016-01-09,0.050,0.050,0.050
2016-01-10,0.050,0.050,0.050
2016-01-11,0.120,0.153,0.180
2016-01-12,0.200,0.200,0.200
2016-01-13,0.250,0.250,0.250
2016-01-14,0.310,0.310,0.310
2016-01-15,0.340,0.340,0.340
2016-01-16,0.360,0.360,0.360
2016-01-17,0.380,0.380,0.380
2016-01-18,0.380,0.380,0.380
2016-01-19,0.360,0.360,0.360
2016-01-20,0.340,0.340,0.340
2016-01-21,0.320,0.320,0.320
2016-01-22,0.310,0.314,0.320
2016-01-23,0.290,0.290,0.290
2016-01-24,0.290,0.290,0.290
2016-01-25,0.280,0.280,0.280
2016-01-26,0.260,0.266,0.270
2016-01-27,0.270,0.275,0.280
2016-01-28,0.270,0.270,0.270
2016-01-29,0.250,0.250,0.250
2016-01-30,0.260,0.266,0.270
2016-01-31,0.250,0.250,0.250
2016-02-01,0.250,0.250,0.250
2016-02-02,0.250,0.250,0.250
2016-02-03,0.250,0.250,0.250
2016-02-04,0.250,0.250,0.250
2016-02-05,0.260,0.260,0.260
2016-02-06,0.280,0.302,0.350
2016-02-07,0.340,0.354,0.370
2016-02-08,0.340,0.350,0.360
2016-02-09,0.350,0.353,0.360
2016-02-10,0.350,0.350,0.350
2016-02-11,0.370,0.370,0.370
2016-02-12,0.430,0.430,0.430
2016-02-13,0.470,0.470,0.470
2016-02-14,0.500,0.500,0.500
2016-02-15,0.470,0.470,0.470
2016-02-16,0.450,0.450,0.450
2016-02-17,0.460,0.462,0.470
2016-02-18,0.460,0.460,0.460
2016-02-19,0.410,0.410,0.410
2016-02-20,0.390,0.390,0.390
2016-02-21,0.370,0.370,0.370
2016-02-22,0.350,0.350,0.350
2016-02-23,0.320,0.320,0.320
2016-02-24,0.300,0.300,0.300
2016-02-25,0.280,0.280,0.280
2016-02-26,0.270,0.270,0.270
2016-02-27,0.260,0.260,0.260
2016-02-28,0.250,0.250,0.250
2016-02-29,0.240,0.240,0.240
2016-03-01,0.240,0.240,0.240
2016-03-02,0.230,0.230,0.230
2016-03-03,0.230,0.230,0.230
2016-03-04,0.230,0.230,0.230
2016-03-05,0.220,0.220,0.220
2016-03-06,0.210,0.210,0.210
2016-03-07,0.210,0.210,0.210
2016-03-08,0.200,0.200,0.200
2016-03-09,0.210,0.233,0.250
2016-03-10,0.210,0.215,0.220
2016-03-11,0.200,0.205,0.210
2016-03-12,0.200,0.200,0.200
2016-03-13,0.200,0.200,0.200
2016-03-14,0.200,0.200,0.200
2016-03-15,0.200,0.200,0.200
2016-03-16,0.200,0.200,0.200
2016-03-17,0.190,0.195,0.200
2016-03-18,0.200,0.200,0.200
2016-03-19,0.200,0.200,0.200
2016-03-20,0.200,0.200,0.200
2016-03-21,0.200,0.200,0.200
2016-03-22,0.200,0.200,0.200
2016-03-23,0.200,0.200,0.200
2016-03-24,0.200,0.200,0.200
2016-03-25,0.200,0.205,0.210
2016-03-26,0.200,0.205,0.210
2016-03-27,0.210,0.222,0.240
2016-03-28,0.240,0.250,0.260
2016-03-29,0.220,0.220,0.220
2016-03-30,0.210,0.215,0.220
2016-03-31,0.190,0.200,0.210
2016-04-01,0.190,0.190,0.190
2016-04-02,0.190,0.190,0.190
2016-04-03,0.190,0.190,0.190
2016-04-04,0.200,0.200,0.200
2016-04-05,0.200,0.200,0.200
2016-04-06,0.200,0.200,0.200
2016-04-07,0.200,0.200,0.200
2016-04-08,0.200,0.200,0.200
2016-04-09,0.210,0.210,0.210
2016-04-10,0.210,0.210,0.210
2016-04-11,0.220,0.230,0.240
2016-04-12,0.220,0.220,0.220
2016-04-13,0.210,0.213,0.220
2016-04-14,0.210,0.210,0.210
2016-04-15,0.210,0.215,0.220
2016-04-16,0.210,0.210,0.210
2016-04-17,0.200,0.205,0.210
2016-04-18,0.200,0.200,0.200
2016-04-19,0.200,0.200,0.200
2016-04-20,0.200,0.200,0.200
2016-04-21,0.200,0.200,0.200
2016-04-22,0.200,0.200,0.200
2016-04-23,0.200,0.200,0.200
2016-04-24,0.190,0.195,0.200
2016-04-25,0.200,0.200,0.200
2016-04-26,0.200,0.200,0.200
2016-04-27,0.200,0.200,0.200
2016-04-28,0.190,0.190,0.190
2016-04-29,0.190,0.195,0.200
2016-04-30,0.190,0.190,0.190
2016-05-01,0.180,0.185,0.190
2016-05-02,0.180,0.185,0.190
2016-05-03,0.180,0.185,0.190
2016-05-04,0.180,0.180,0.180
2016-05-05,0.180,0.180,0.180
2016-05-06,0.170,0.175,0.180
2016-05-07,0.170,0.170,0.170
2016-05-08,0.170,0.170,0.170
2016-05-09,0.170,0.170,0.170
2016-05-10,0.170,0.170,0.170
2016-05-11,0.170,0.170,0.170
2016-05-12,0.160,0.165,0.170
2016-05-13,0.160,0.160,0.160
2016-05-14,0.150,0.150,0.150
2016-05-15,0.150,0.150,0.150
2016-05-16,0.140,0.145,0.150
2016-05-17,0.140,0.140,0.140
2016-05-18,0.140,0.140,0.140
2016-05-19,0.140,0.140,0.140
2016-05-20,0.130,0.135,0.140
2016-05-21,0.140,0.140,0.140
2016-05-22,0.130,0.135,0.140
2016-05-23,0.130,0.130,0.130
2016-05-24,0.130,0.130,0.130
2016-05-25,0.120,0.120,0.120
2016-05-26,0.110,0.110,0.110
2016-05-27,0.110,0.110,0.110
2016-05-28,0.110,0.110,0.110
2016-05-29,0.100,0.105,0.110
2016-05-30,0.100,0.100,0.100
2016-05-31,0.100,0.100,0.100
2016-06-01,0.100,0.100,0.100
2016-06-02,0.100,0.100,0.100
2016-06-03,0.100,0.100,0.100
2016-06-04,0.090,0.090,0.090
2016-06-05,0.090,0.090,0.090
2016-06-06,0.090,0.090,0.090
2016-06-07,0.090,0.090,0.090
2016-06-08,0.090,0.090,0.090
2016-06-09,0.090,0.090,0.090
2016-06-10,0.080,0.080,0.080
2016-06-11,0.080,0.080,0.080
2016-06-12,0.080,0.080,0.080
2016-06-13,0.080,0.080,0.080
2016-06-14,0.080,0.080,0.080
2016-06-15,0.080,0.080,0.080
2016-06-16,0.080,0.080,0.080
2016-06-17,0.070,0.075,0.080
2016-06-18,0.070,0.070,0.070
2016-06-19,0.070,0.070,0.070
2016-06-20,0.070,0.070,0.070
2016-06-21,0.070,0.070,0.070
2016-06-22,0.070,0.070,0.070
2016-06-23,0.070,0.070,0.070
2016-06-24,0.070,0.070,0.070
2016-06-25,0.070,0.070,0.070
2016-06-26,0.070,0.070,0.070
2016-06-27,0.060,0.060,0.060
2016-06-28,0.060,0.060,0.060
2016-06-29,0.060,0.060,0.060
2016-06-30,0.050,0.055,0.060
2016-07-01,0.050,0.055,0.060
2016-07-02,0.060,0.060,0.060
2016-07-03,0.060,0.060,0.060
2016-07-04,0.050,0.055,0.060
2016-07-05,0.050,0.050,0.050
2016-07-06,0.050,0.050,0.050
2016-07-07,0.050,0.050,0.050
2016-07-08,0.050,0.050,0.050
2016-07-09,0.050,0.050,0.050
2016-07-10,0.050,0.050,0.050
2016-07-11,0.050,0.050,0.050
2016-07-12,0.050,0.050,0.050
2016-07-13,0.050,0.050,0.050
2016-07-14,0.050,0.050,0.050
2016-07-15,0.050,0.050,0.050
2016-07-16,0.050,0.050,0.050
2016-07-17,0.050,0.050,0.050
2016-07-18,0.050,0.050,0.050
2016-07-19,0.050,0.050,0.050
2016-07-20,0.050,0.050,0.050
2016-07-21,0.050,0.050,0.050
2016-07-22,0.050,0.050,0.050
2016-07-23,0.050,0.050,0.050
2016-07-24,0.050,0.050,0.050
2016-07-25,0.050,0.050,0.050
2016-07-26,0.040,0.045,0.050
2016-07-27,0.050,0.050,0.050
2016-07-28,0.050,0.050,0.050
2016-07-29,0.050,0.050,0.050
2016-07-30,0.050,0.050,0.050
2016-07-31,0.050,0.050,0.050
2016-08-01,0.040,0.042,0.050
2016-08-02,0.040,0.040,0.040
2016-08-03,0.040,0.040,0.040
2016-08-04,0.040,0.040,0.040
2016-08-05,0.040,0.040,0.040
2016-08-06,0.040,0.040,0.040
2016-08-07,0.040,0.040,0.040
2016-08-08,0.040,0.040,0.040
2016-08-09,0.040,0.040,0.040
2016-08-10,0.040,0.040,0.040
2016-08-11,0.040,0.040,0.040
2016-08-12,0.040,0.040,0.040
2016-08-13,0.040,0.040,0.040
2016-08-14,0.040,0.040,0.040
2016-08-15,0.040,0.040,0.040
2016-08-16,0.040,0.040,0.040
2016-08-17,0.040,0.040,0.040
2016-08-18,0.040,0.040,0.040
2016-08-19,0.040,0.040,0.040
2016-08-20,0.040,0.040,0.040
2016-08-21,0.040,0.040,0.040
2016-08-22,0.040,0.040,0.040
2016-08-23,0.040,0.040,0.040
2016-08-24,0.040,0.040,0.040
2016-08-25,0.040,0.040,0.040
2016-08-26,0.040,0.040,0.040
2016-08-27,0.040,0.040,0.040
2016-08-28,0.040,0.040,0.040
2016-08-29,0.040,0.040,0.040
2016-08-30,0.040,0.040,0.040
2016-08-31,0.040,0.040,0.040
2016-09-01,0.040,0.040,0.040
2016-09-02,0.040,0.040,0.040
2016-09-03,0.040,0.040,0.040
2016-09-04,0.040,0.040,0.040
2016-09-05,0.040,0.040,0.040
2016-09-06,0.040,0.040,0.040
2016-09-07,0.040,0.040,0.040
2016-09-08,0.040,0.040,0.040
2016-09-09,0.040,0.040,0.040
2016-09-10,0.040,0.040,0.040
2016-09-11,0.040,0.040,0.040
2016-09-12,0.040,0.040,0.040
2016-09-13,0.040,0.040,0.040
2016-09-14,0.040,0.040,0.040
2016-09-15,0.040,0.040,0.040
2016-09-16,0.040,0.040,0.040
2016-09-17,0.040,0.040,0.040
2016-09-18,0.040,0.040,0.040
2016-09-19,0.040,0.040,0.040
2016-09-20,0.040,0.040,0.040
2016-09-21,0.040,0.040,0.040
2016-09-22,0.040,0.040,0.040
2016-09-23,0.040,0.040,0.040
2016-09-24,0.040,0.040,0.040
2016-09-25,0.040,0.040,0.040
2016-09-26,0.040,0.040,0.040
2016-09-27,0.040,0.040,0.040
2016-09-28,0.040,0.040,0.040
2016-09-29,0.040,0.040,0.040
2016-09-30,0.040,0.040,0.040
2016-10-01,0.040,0.040,0.040
2016-10-02,0.040,0.040,0.040
2016-10-03,0.040,0.040,0.040
2016-10-04,0.040,0.040,0.040
2016-10-05,0.040,0.040,0.040
2016-10-06,0.040,0.040,0.040
2016-10-07,0.040,0.040,0.040
2016-10-08,0.040,0.040,0.040
2016-10-09,0.040,0.040,0.040
2016-10-10,0.040,0.040,0.040
2016-10-11,0.040,0.040,0.040
2016-10-12,0.040,0.040,0.040
2016-10-13,0.040,0.040,0.040
2016-10-14,0.040,0.040,0.040
2016-10-15,0.040,0.040,0.040
2016-10-16,0.040,0.040,0.040
2016-10-17,0.040,0.040,0.040
2016-10-18,0.030,0.037,0.040
2016-10-19,0.040,0.040,0.040
2016-10-20,0.040,0.040,0.040
2016-10-21,0.040,0.040,0.040
2016-10-22,0.040,0.040,0.040
2016-10-23,0.040,0.040,0.040
2016-10-24,0.040,0.040,0.040
2016-10-25,0.040,0.040,0.040
2016-10-26,0.040,0.040,0.040
2016-10-27,0.030,0.035,0.040
2016-10-28,0.030,0.030,0.030
2016-10-29,0.030,0.030,0.030
2016-10-30,0.030,0.030,0.030
2016-10-31,0.030,0.030,0.030
2016-11-01,0.030,0.030,0.030
2016-11-02,0.030,0.030,0.030
2016-11-03,0.030,0.030,0.030
2016-11-04,0.030,0.030,0.030
2016-11-05,0.030,0.030,0.030
2016-11-06,0.030,0.030,0.030
2016-11-07,0.030,0.030,0.030
2016-11-08,0.030,0.030,0.030
2016-11-09,0.030,0.032,0.040
2016-11-10,0.030,0.030,0.030
2016-11-11,0.030,0.030,0.030
2016-11-12,0.030,0.030,0.030
2016-11-13,0.030,0.030,0.030
2016-11-14,0.030,0.030,0.030
2016-11-15,0.030,0.040,0.050
2016-11-16,0.050,0.050,0.050
2016-11-17,0.050,0.050,0.050
2016-11-18,0.050,0.050,0.050
2016-11-19,0.050,0.050,0.050
2016-11-20,0.050,0.050,0.050
2016-11-21,0.050,0.050,0.050
2016-11-22,0.050,0.050,0.050
2016-11-23,0.050,0.050,0.050
2016-11-24,0.050,0.050,0.050
2016-11-25,0.050,0.050,0.050
2016-11-26,0.050,0.050,0.050
2016-11-27,0.050,0.050,0.050
2016-11-28,0.050,0.050,0.050
2016-11-29,0.050,0.050,0.050
2016-11-30,0.050,0.050,0.050
2016-12-01,0.050,0.050,0.050
2016-12-02,0.050,0.050,0.050
2016-12-03,0.050,0.050,0.050
2016-12-04,0.050,0.050,0.050
2016-12-05,0.050,0.050,0.050
2016-12-06,0.050,0.050,0.050
2016-12-07,0.050,0.050,0.050
2016-12-08,0.050,0.050,0.050
2016-12-09,0.050,0.050,0.050
2016-12-10,0.050,0.050,0.050
2016-12-11,0.050,0.050,0.050
2016-12-12,0.050,0.050,0.050
2016-12-13,0.050,0.050,0.050
2016-12-14,0.050,0.050,0.050
2016-12-15,0.050,0.050,0.050
2016-12-16,0.050,0.050,0.050
2016-12-17,0.050,0.050,0.050
2016-12-18,0.050,0.050,0.050
2016-12-19,0.050,0.050,0.050
2016-12-20,0.050,0.050,0.050
2016-12-21,0.050,0.050,0.050
2016-12-22,0.050,0.050,0.050
2016-12-23,0.050,0.050,0.050
2016-12-24,0.050,0.050,0.050
2016-12-25,0.050,0.050,0.050
2016-12-26,0.050,0.050,0.050
2016-12-27,0.050,0.050,0.050
2016-12-28,0.050,0.050,0.050
2016-12-29,0.050,0.050,0.050
2016-12-30,0.050,0.050,0.050
2016-12-31,0.050,0.050,0.050
